Genom	Promoter-Region (Gene)	Discrimination Region	-10 Element (Proximal Promotor Box/Pribnow Box)	Extended -10 Element	-35 Element (Distal Promotor Box)	UP Element
IMT24775.fasta 	mecA		TATAAT(35, 41)			AAA(27, 30)
	coa	GGG(30, 33)				AAA(3, 6); AAA(6, 9)
	fnbB			AGTG(2, 6)	TTCACA(37, 43)	AAA(29, 32)
	fib		AATAAT(32, 38)			AAA(31, 34)
	eno		AATAAT(34, 40)			AAA(2, 5); AAA(14, 17); AAA(44, 47)
	isdA		TTTAAT(23, 29)			AAA(5, 8)
	isdB		TATAAT(25, 31)	TGAG(13, 17)		TAA(20, 23); ATA(24, 27); TAA(27, 30); TAA(44, 47)
	isdC		TATATT(2, 8)			AAA(14, 17); AAA(27, 30); AAA(36, 39)
	sasC					AAA(5, 8); AAA(39, 42)
	sasD	GGG(9, 12)	TATAAT(15, 21); TATAAT(37, 43)			AAA(5, 8); AAA(24, 27); AAA(34, 37)
	sasF			TGAG(7, 11); AGTG(16, 20)		AAA(12, 15)
	sasH	GGG(7, 10)	TATAAT(33, 39)	TGTG(25, 29)	TTGACA(16, 22)	TAA(13, 16); ATA(32, 35); TAA(35, 38)
	map_eap		TTTAAT(1, 7)			AAA(14, 17); AAA(17, 20)
	atl		AATAAT(6, 12); AATAAT(22, 28); AATAAT(29, 35)	TGAG(11, 15)		AAA(5, 8); AAA(21, 24)
	ebpS	CGG(2, 5)	TAAAAT(31, 37)			AAA(12, 15); AAA(32, 35)
	isdH			TCTG(36, 40)		AAA(17, 20); AAA(31, 34); AAA(42, 45)
	aa_a	GGC(15, 18)				AAA(9, 12); AAA(20, 23); AAA(46, 49)
	blaZ	GGG(7, 10)	TATAAT(14, 20)			AAA(29, 32)
IMT24784.fasta 	mecA		TATAAT(35, 41)	TCTG(19, 23)		AAA(27, 30)
	coa	GGG(30, 33)				AAA(3, 6); AAA(6, 9)
	fnbB			AGTG(2, 6)	TTCACA(37, 43)	AAA(29, 32)
	fib		AATAAT(32, 38)			AAA(31, 34)
	eno		AATAAT(34, 40)			AAA(2, 5); AAA(14, 17); AAA(44, 47)
	isdA		TTTAAT(23, 29)			AAA(5, 8)
	isdB		TATAAT(25, 31)	TGAG(13, 17)		TAA(20, 23); ATA(24, 27); TAA(27, 30); TAA(44, 47)
	isdC		TATATT(2, 8)			AAA(14, 17); AAA(27, 30); AAA(36, 39)
	sasA		TATTAT(39, 45)	TGAG(7, 11)		AAA(22, 25)
	sasC					AAA(5, 8); AAA(39, 42)
	sasD	GGG(9, 12)	TATAAT(15, 21); TATAAT(37, 43)			AAA(5, 8); AAA(24, 27); AAA(34, 37)
	sasF			TGAG(7, 11); AGTG(16, 20)		AAA(12, 15)
	sasH	GGG(7, 10)	TATAAT(33, 39)	TGTG(25, 29)	TTGACA(16, 22)	TAA(13, 16); ATA(32, 35); TAA(35, 38)
	map_eap		TTTAAT(1, 7)			AAA(14, 17); AAA(17, 20)
	sdrH	GGG(15, 18)	TATATT(24, 30); TATTAT(44, 50)	TGTG(9, 13)		AAA(18, 21)
	atl		AATAAT(6, 12); AATAAT(22, 28); AATAAT(29, 35)	TGAG(11, 15)		AAA(5, 8); AAA(21, 24)
	ebpS	CGG(2, 5)	TAAAAT(31, 37)			AAA(12, 15); AAA(32, 35)
	isdH			TCTG(36, 40)		AAA(17, 20); AAA(31, 34); AAA(42, 45)
	aa_a	GGC(15, 18)				AAA(9, 12); AAA(20, 23); AAA(46, 49)
	ccrC	GGC(7, 10)	AATAAT(16, 22)	TGTC(32, 36)		AAA(14, 17)
	blaZ	GGG(7, 10)	TATAAT(14, 20)	TGTC(19, 23)		AAA(29, 32)
IMT25053.fasta 	mecA		TATAAT(35, 41)	TCTG(19, 23)		AAA(27, 30)
	bbp		TATAAA(23, 29); TATAAA(40, 46)			AAA(11, 14); AAA(26, 29); AAA(43, 46)
	coa	GGG(30, 33)				AAA(3, 6); AAA(6, 9)
	fib		AATAAT(32, 38)			AAA(31, 34)
	eno		AATAAT(34, 40)			AAA(2, 5); AAA(14, 17); AAA(44, 47)
	isdA		TTTAAT(23, 29)			AAA(5, 8)
	isdB		TATAAT(25, 31)	TGAG(13, 17)		TAA(20, 23); ATA(24, 27); TAA(27, 30); TAA(44, 47)
	isdC		TATATT(2, 8)			AAA(14, 17); AAA(27, 30); AAA(36, 39)
	sasA		TATTAT(39, 45)	TGAG(7, 11)		AAA(22, 25)
	sasC					AAA(5, 8); AAA(39, 42)
	sasD	GGG(9, 12)	TATAAT(15, 21); TATAAT(37, 43)			AAA(5, 8); AAA(24, 27); AAA(34, 37)
	sasF			TGAG(7, 11); AGTG(16, 20)		AAA(12, 15)
	sasH	GGG(7, 10)	TATAAT(33, 39)	TGTG(25, 29)	TTGACA(16, 22)	TAA(13, 16); ATA(32, 35); TAA(35, 38)
	map_eap		TTTAAT(1, 7)			AAA(14, 17); AAA(17, 20)
	sdrH	GGG(15, 18)	TATATT(24, 30); TATTAT(44, 50)	TGTG(9, 13)		AAA(18, 21)
	atl		AATAAT(6, 12); AATAAT(22, 28); AATAAT(29, 35)	TGAG(11, 15)		AAA(5, 8); AAA(21, 24)
	ebh			AGTG(10, 14)		ATA(4, 7); AAT(17, 20); AAT(28, 31)
	ebpS	CGG(2, 5)	TAAAAT(31, 37)			AAA(12, 15); AAA(32, 35)
	isdH			TCTG(36, 40)		AAA(17, 20); AAA(31, 34); AAA(42, 45)
	sdrE		TATAAA(23, 29); TATAAA(40, 46)			AAA(11, 14); AAA(26, 29); AAA(43, 46)
	aa_a	GGC(15, 18)				AAA(9, 12); AAA(20, 23); AAA(46, 49)
	ccrC	GGC(7, 10)	AATAAT(16, 22)	TGTC(32, 36)		AAA(14, 17)
	blaZ	GGG(7, 10)	TATAAT(14, 20)	TGTC(19, 23)		AAA(29, 32)
IMT25280.fasta 	mecA		TATAAT(35, 41)	TGAG(7, 11); TCTG(19, 23)		AAA(27, 30)
	coa	GGG(30, 33)				AAA(3, 6); AAA(6, 9)
	fib		AATAAT(32, 38)			AAA(31, 34)
	eno		AATAAT(34, 40)			AAA(2, 5); AAA(14, 17); AAA(44, 47)
	isdA		TTTAAT(23, 29)			AAA(5, 8)
	isdB		TATAAT(25, 31)	TGAG(13, 17)		TAA(20, 23); ATA(24, 27); TAA(27, 30); TAA(44, 47)
	isdC		TATATT(2, 8)			AAA(14, 17); AAA(27, 30); AAA(36, 39)
	sasA		TATTAT(39, 45)	TGAG(7, 11)		AAA(22, 25)
	sasC					AAA(5, 8); AAA(39, 42)
	sasD	GGG(9, 12)	TATAAT(15, 21); TATAAT(37, 43)			AAA(5, 8); AAA(24, 27); AAA(34, 37)
	sasF			TGAG(7, 11); AGTG(16, 20)		AAA(12, 15)
	sasH	GGG(7, 10)	TATAAT(33, 39)	TGTG(25, 29)	TTGACA(16, 22)	TAA(13, 16); ATA(32, 35); TAA(35, 38)
	map_eap		TTTAAT(1, 7)			AAA(14, 17); AAA(17, 20)
	atl		AATAAT(6, 12); AATAAT(22, 28); AATAAT(29, 35)	TGAG(11, 15)		AAA(5, 8); AAA(21, 24)
	ebh			AGTG(10, 14)		ATA(4, 7); AAT(17, 20); AAT(28, 31)
	ebpS	CGG(2, 5)	TAAAAT(31, 37)			AAA(12, 15); AAA(32, 35)
	isdH			TCTG(36, 40)		AAA(17, 20); AAA(31, 34); AAA(42, 45)
	aa_a	GGC(15, 18)				AAA(9, 12); AAA(20, 23); AAA(46, 49)
	blaZ	GGG(7, 10)	TATAAT(14, 20)	TGTC(19, 23)		AAA(29, 32)
	ccrB					AAA(13, 16); AAA(21, 24)
	ccrA		TATTAT(23, 29); TATAAA(30, 36)	AGTG(15, 19)		AAA(13, 16); AAA(33, 36)
IMT26595.fasta 	mecA		TATAAT(35, 41)	TGAG(7, 11); TCTG(19, 23)		AAA(27, 30)
	coa	GGG(30, 33)				AAA(3, 6); AAA(6, 9)
	fib		AATAAT(32, 38)			AAA(31, 34)
	eno		AATAAT(34, 40)			AAA(2, 5); AAA(14, 17); AAA(44, 47)
	isdA		TTTAAT(23, 29)			AAA(5, 8)
	isdB		TATAAT(25, 31)	TGAG(13, 17)		TAA(20, 23); ATA(24, 27); TAA(27, 30); TAA(44, 47)
	isdC		TATATT(2, 8)			AAA(14, 17); AAA(27, 30); AAA(36, 39)
	sasA		TATTAT(39, 45)	TGAG(7, 11)		AAA(22, 25)
	sasC					AAA(5, 8); AAA(39, 42)
	sasD	GGG(9, 12)	TATAAT(15, 21); TATAAT(37, 43)			AAA(5, 8); AAA(24, 27); AAA(34, 37)
	sasF			TGAG(7, 11); AGTG(16, 20)		AAA(12, 15)
	sasH	GGG(7, 10)	TATAAT(33, 39)	TGTG(25, 29)	TTGACA(16, 22)	TAA(13, 16); ATA(32, 35); TAA(35, 38)
	map_eap		TTTAAT(1, 7)			AAA(14, 17); AAA(17, 20)
	atl		AATAAT(6, 12); AATAAT(22, 28); AATAAT(29, 35)	TGAG(11, 15)		AAA(5, 8); AAA(21, 24)
	ebpS	CGG(2, 5)	TAAAAT(31, 37)			AAA(12, 15); AAA(32, 35)
	isdH			TCTG(36, 40)		AAA(17, 20); AAA(31, 34); AAA(42, 45)
	aa_a	GGC(15, 18)				AAA(9, 12); AAA(20, 23); AAA(46, 49)
	blaZ	GGG(7, 10)	TATAAT(14, 20)	TGTC(19, 23)		AAA(29, 32)
	ccrB					AAA(13, 16); AAA(21, 24)
	ccrA		TATTAT(23, 29); TATAAA(30, 36)	AGTG(15, 19)		AAA(13, 16); AAA(33, 36)
IMT26596.fasta 	mecA		TATAAT(35, 41)	TGAG(7, 11); TCTG(19, 23)		AAA(27, 30)
	bbp		TATAAA(23, 29); TATAAA(40, 46)			AAA(11, 14); AAA(26, 29); AAA(43, 46)
	coa	GGG(30, 33)				AAA(3, 6); AAA(6, 9)
	fib		AATAAT(32, 38)			AAA(31, 34)
	eno		AATAAT(34, 40)			AAA(2, 5); AAA(14, 17); AAA(44, 47)
	isdA		TTTAAT(23, 29)			AAA(5, 8)
	isdB		TATAAT(25, 31)	TGAG(13, 17)		TAA(20, 23); ATA(24, 27); TAA(27, 30); TAA(44, 47)
	isdC		TATATT(2, 8)			AAA(14, 17); AAA(27, 30); AAA(36, 39)
	sasC					AAA(5, 8); AAA(39, 42)
	sasD	GGG(9, 12)	TATAAT(15, 21); TATAAT(37, 43)			AAA(5, 8); AAA(24, 27); AAA(34, 37)
	sasF			TGAG(7, 11); AGTG(16, 20)		AAA(12, 15)
	sasH	GGG(7, 10)	TATAAT(33, 39)	TGTG(25, 29)	TTGACA(16, 22)	TAA(13, 16); ATA(32, 35); TAA(35, 38)
	map_eap		TTTAAT(1, 7)			AAA(14, 17); AAA(17, 20)
	sdrH	GGG(15, 18)	TATATT(24, 30); TATTAT(44, 50)	TGTG(9, 13)		AAA(18, 21)
	atl		AATAAT(6, 12); AATAAT(22, 28); AATAAT(29, 35)	TGAG(11, 15)		AAA(5, 8); AAA(21, 24)
	ebh			AGTG(10, 14)		ATA(4, 7); AAT(17, 20); AAT(28, 31)
	ebpS	CGG(2, 5)	TAAAAT(31, 37)			AAA(12, 15); AAA(32, 35)
	isdH			TCTG(36, 40)		AAA(17, 20); AAA(31, 34); AAA(42, 45)
	sdrE		TATAAA(23, 29); TATAAA(40, 46)			AAA(11, 14); AAA(26, 29); AAA(43, 46)
	aa_a	GGC(15, 18)				AAA(9, 12); AAA(20, 23); AAA(46, 49)
	blaZ	GGG(7, 10)	TATAAT(14, 20)	TGTC(19, 23)		AAA(29, 32)
	ccrB					AAA(13, 16); AAA(21, 24)
	ccrA		TATTAT(23, 29); TATAAA(30, 36)	AGTG(15, 19)		AAA(13, 16); AAA(33, 36)
IMT27910.fasta 	mecA		TATAAT(35, 41)	TGAG(7, 11); TCTG(19, 23)		AAA(27, 30)
	bbp		TATAAA(23, 29); TATAAA(40, 46)			AAA(11, 14); AAA(26, 29); AAA(43, 46)
	coa	GGG(30, 33)				AAA(3, 6); AAA(6, 9)
	clfA	GGG(7, 10); GGG(44, 47)	TATAAT(30, 36)		TTGACA(35, 41)	AAA(1, 4); AAA(12, 15); AAA(26, 29); AAA(47, 50)
	clfB		TATAAT(3, 9)	TGAG(8, 12)		AAA(14, 17); AAA(20, 23)
	fib		AATAAT(32, 38)			AAA(31, 34)
	eno		AATAAT(34, 40)			AAA(2, 5); AAA(14, 17); AAA(44, 47)
	isdA		TTTAAT(23, 29)			AAA(5, 8)
	isdB		TATAAT(25, 31)	TGAG(13, 17)		TAA(20, 23); ATA(24, 27); TAA(27, 30); TAA(44, 47)
	isdC		TATATT(2, 8)			AAA(14, 17); AAA(27, 30); AAA(36, 39)
	sasA		TATTAT(39, 45)	TGAG(7, 11)		AAA(22, 25)
	sasC					AAA(5, 8); AAA(39, 42)
	sasD	GGG(9, 12)	TATAAT(15, 21); TATAAT(37, 43)			AAA(5, 8); AAA(24, 27); AAA(34, 37)
	sasF			TGAG(7, 11); AGTG(16, 20)		AAA(12, 15)
	sasH	GGG(7, 10)	TATAAT(33, 39)	TGTG(25, 29)	TTGACA(16, 22)	TAA(13, 16); ATA(32, 35); TAA(35, 38)
	map_eap		TTTAAT(1, 7)			AAA(14, 17); AAA(17, 20)
	sdrD		TATTAT(31, 37)	TGAG(7, 11)		AAA(24, 27); AAA(43, 46)
	sdrH	GGG(15, 18)	TATATT(24, 30); TATTAT(44, 50)	TGTG(9, 13)		AAA(18, 21)
	atl		AATAAT(6, 12); AATAAT(22, 28); AATAAT(29, 35)	TGAG(11, 15)		AAA(5, 8); AAA(21, 24)
	ebh			AGTG(10, 14)		ATA(4, 7); AAT(17, 20); AAT(28, 31)
	ebpS	CGG(2, 5)	TAAAAT(31, 37)			AAA(12, 15); AAA(32, 35)
	isdH			TCTG(36, 40)		AAA(17, 20); AAA(31, 34); AAA(42, 45)
	sdrE		TATAAA(23, 29); TATAAA(40, 46)			AAA(11, 14); AAA(26, 29); AAA(43, 46)
	aa_a	GGC(15, 18)				AAA(9, 12); AAA(20, 23); AAA(46, 49)
	blaZ	GGG(7, 10)	TATAAT(14, 20)	TGTC(19, 23)		AAA(29, 32)
	ccrB					AAA(13, 16); AAA(21, 24)
	ccrA		TATTAT(23, 29); TATAAA(30, 36)	AGTG(15, 19)		AAA(13, 16); AAA(33, 36)
IMT27969.fasta 	mecA		TATAAT(35, 41)	TGAG(7, 11); TCTG(19, 23)		AAA(27, 30)
	bbp		TATAAA(23, 29); TATAAA(40, 46)			AAA(11, 14); AAA(26, 29); AAA(43, 46)
	coa	GGG(30, 33)				AAA(3, 6); AAA(6, 9)
	clfA	GGG(7, 10); GGG(44, 47)	TATAAT(30, 36)		TTGACA(35, 41)	AAA(1, 4); AAA(12, 15); AAA(26, 29); AAA(47, 50)
	clfB		TATAAT(3, 9)	TGAG(8, 12)		AAA(14, 17); AAA(20, 23)
	fib		AATAAT(32, 38)			AAA(31, 34)
	eno		AATAAT(34, 40)			AAA(2, 5); AAA(14, 17); AAA(44, 47)
	isdA		TTTAAT(23, 29)			AAA(5, 8)
	isdB		TATAAT(25, 31)	TGAG(13, 17)		TAA(20, 23); ATA(24, 27); TAA(27, 30); TAA(44, 47)
	isdC		TATATT(2, 8)			AAA(14, 17); AAA(27, 30); AAA(36, 39)
	sasA		TATTAT(39, 45)	TGAG(7, 11)		AAA(22, 25)
	sasC					AAA(5, 8); AAA(39, 42)
	sasD	GGG(9, 12)	TATAAT(15, 21); TATAAT(37, 43)			AAA(5, 8); AAA(24, 27); AAA(34, 37)
	sasF			TGAG(7, 11); AGTG(16, 20)		AAA(12, 15)
	sasH	GGG(7, 10)	TATAAT(33, 39)	TGTG(25, 29)	TTGACA(16, 22)	TAA(13, 16); ATA(32, 35); TAA(35, 38)
	map_eap		TTTAAT(1, 7)			AAA(14, 17); AAA(17, 20)
	sdrD		TATTAT(31, 37)	TGAG(7, 11)		AAA(24, 27); AAA(43, 46)
	sdrH	GGG(15, 18)	TATATT(24, 30); TATTAT(44, 50)	TGTG(9, 13)		AAA(18, 21)
	atl		AATAAT(6, 12); AATAAT(22, 28); AATAAT(29, 35)	TGAG(11, 15)		AAA(5, 8); AAA(21, 24)
	ebh			AGTG(10, 14)		ATA(4, 7); AAT(17, 20); AAT(28, 31)
	ebpS	CGG(2, 5)	TAAAAT(31, 37)			AAA(12, 15); AAA(32, 35)
	isdH			TCTG(36, 40)		AAA(17, 20); AAA(31, 34); AAA(42, 45)
	sdrE		TATAAA(23, 29); TATAAA(40, 46)			AAA(11, 14); AAA(26, 29); AAA(43, 46)
	aa_a	GGC(15, 18)				AAA(9, 12); AAA(20, 23); AAA(46, 49)
	blaZ	GGG(7, 10)	TATAAT(14, 20)	TGTC(19, 23)		AAA(29, 32)
	ccrB					AAA(13, 16); AAA(21, 24)
	ccrA		TATTAT(23, 29); TATAAA(30, 36)	AGTG(15, 19)		AAA(13, 16); AAA(33, 36)
IMT32934.fasta 	mecA		TATAAT(35, 41)	TCTG(19, 23)		AAA(27, 30)
	coa	GGG(30, 33)				AAA(3, 6); AAA(6, 9)
	fnbA	GGG(27, 30); GGG(32, 35)				AAA(17, 20)
	fnbB			AGTG(2, 6)	TTCACA(37, 43)	AAA(29, 32)
	fib		AATAAT(32, 38)			AAA(31, 34)
	eno		AATAAT(34, 40)			AAA(2, 5); AAA(14, 17); AAA(44, 47)
	isdA		TTTAAT(23, 29)			AAA(5, 8)
	isdB		TATAAT(25, 31)	TGAG(13, 17)		TAA(20, 23); ATA(24, 27); TAA(27, 30); TAA(44, 47)
	isdC		TATATT(2, 8)			AAA(14, 17); AAA(27, 30); AAA(36, 39)
	sasA		TATTAT(39, 45)	TGAG(7, 11)		AAA(22, 25)
	sasC					AAA(5, 8); AAA(39, 42)
	sasD	GGG(9, 12)	TATAAT(15, 21); TATAAT(37, 43)			AAA(5, 8); AAA(24, 27); AAA(34, 37)
	sasF			TGAG(7, 11); AGTG(16, 20)		AAA(12, 15)
	sasH	GGG(7, 10)	TATAAT(33, 39)	TGTG(25, 29)	TTGACA(16, 22)	TAA(13, 16); ATA(32, 35); TAA(35, 38)
	map_eap		TTTAAT(1, 7)			AAA(14, 17); AAA(17, 20)
	sdrH	GGG(15, 18)	TATATT(24, 30); TATTAT(44, 50)	TGTG(9, 13)		AAA(18, 21)
	atl		AATAAT(6, 12); AATAAT(22, 28); AATAAT(29, 35)	TGAG(11, 15)		AAA(5, 8); AAA(21, 24)
	ebpS	CGG(2, 5)	TAAAAT(31, 37)			AAA(12, 15); AAA(32, 35)
	isdH			TCTG(36, 40)		AAA(17, 20); AAA(31, 34); AAA(42, 45)
	aa_a	GGC(15, 18)				AAA(9, 12); AAA(20, 23); AAA(46, 49)
	ccrC	GGC(7, 10)	AATAAT(16, 22)	TGTC(32, 36)		AAA(14, 17)
	blaZ	GGG(7, 10)	TATAAT(14, 20)	TGTC(19, 23)		AAA(29, 32)
IMT38884.fasta 	bbp		TATAAA(23, 29); TATAAA(40, 46)			AAA(11, 14); AAA(26, 29); AAA(43, 46)
	coa	GGG(30, 33)				AAA(3, 6); AAA(6, 9)
	clfA	GGG(7, 10); GGG(44, 47)	TATAAT(30, 36)		TTGACA(35, 41)	AAA(1, 4); AAA(12, 15); AAA(26, 29); AAA(47, 50)
	fnbA	GGG(11, 14)	TATTAT(2, 8)			AAA(14, 17); AAA(35, 38); AAA(38, 41)
	fib		AATAAT(32, 38)			AAA(31, 34)
	eno		AATAAT(34, 40)			AAA(2, 5); AAA(14, 17); AAA(44, 47)
	isdA		TTTAAT(23, 29)			AAA(5, 8)
	isdB		TATAAT(25, 31)	TGAG(13, 17)		TAA(20, 23); ATA(24, 27); TAA(27, 30); TAA(44, 47)
	isdC		TATATT(2, 8)			AAA(14, 17); AAA(27, 30); AAA(36, 39)
	sasC					AAA(5, 8); AAA(39, 42)
	sasD	GGG(9, 12)	TATAAT(15, 21); TATAAT(37, 43)			AAA(5, 8); AAA(24, 27); AAA(34, 37)
	sasF			TGAG(7, 11); AGTG(16, 20)		AAA(12, 15)
	sasH	GGG(7, 10)	TATAAT(33, 39)	TGTG(25, 29)	TTGACA(16, 22)	TAA(13, 16); ATA(32, 35); TAA(35, 38)
	map_eap		TTTAAT(1, 7)			AAA(14, 17); AAA(17, 20)
	sdrD		TAAAAT(8, 14); TAAAAT(35, 41)	TGTG(13, 17)	TTGACA(1, 7)	AAA(9, 12); AAA(17, 20); AAA(22, 25); AAA(36, 39); AAA(45, 48)
	sdrH	GGG(15, 18)	TATATT(24, 30); TATTAT(44, 50)	TGTG(9, 13)		AAA(18, 21)
	atl		AATAAT(6, 12); AATAAT(22, 28); AATAAT(29, 35)	TGAG(11, 15)		AAA(5, 8); AAA(21, 24)
	ebpS	CGG(2, 5)	TAAAAT(31, 37)			AAA(12, 15); AAA(32, 35)
	isdH			TCTG(36, 40)		AAA(17, 20); AAA(31, 34); AAA(42, 45)
	sdrE		TATAAA(23, 29); TATAAA(40, 46)			AAA(11, 14); AAA(26, 29); AAA(43, 46)
	aa_a	GGC(15, 18)				AAA(9, 12); AAA(20, 23); AAA(46, 49)
	blaZ	GGC(21, 24); CGG(42, 45)				AAA(45, 48)
IMT38885.fasta 	mecA		TATAAT(35, 41)	TCTG(19, 23)		AAA(27, 30)
	coa	GGG(30, 33)				AAA(3, 6); AAA(6, 9)
	clfA	GGG(7, 10); GGG(44, 47)	TATAAT(30, 36)		TTGACA(35, 41)	AAA(1, 4); AAA(12, 15); AAA(26, 29); AAA(47, 50)
	fib		AATAAT(32, 38)			AAA(31, 34)
	eno		AATAAT(34, 40)			AAA(2, 5); AAA(14, 17); AAA(44, 47)
	isdA		TTTAAT(23, 29)			AAA(5, 8)
	isdB		TATAAT(25, 31)	TGAG(13, 17)		TAA(20, 23); ATA(24, 27); TAA(27, 30); TAA(44, 47)
	isdC		TATATT(2, 8)			AAA(14, 17); AAA(27, 30); AAA(36, 39)
	sasA		TATTAT(39, 45)	TGAG(7, 11)		AAA(22, 25)
	sasC					AAA(5, 8); AAA(39, 42)
	sasD	GGG(9, 12)	TATAAT(15, 21); TATAAT(37, 43)			AAA(5, 8); AAA(24, 27); AAA(34, 37)
	sasF			TGAG(7, 11); AGTG(16, 20)		AAA(12, 15)
	sasH	GGG(7, 10)	TATAAT(33, 39)	TGTG(25, 29)	TTGACA(16, 22)	TAA(13, 16); ATA(32, 35); TAA(35, 38)
	map_eap		TTTAAT(1, 7)			AAA(14, 17); AAA(17, 20)
	sdrD		TATTAT(31, 37)	TGAG(7, 11)		AAA(24, 27); AAA(43, 46)
	sdrH	GGG(15, 18)	TATATT(24, 30); TATTAT(44, 50)	TGTG(9, 13)		AAA(18, 21)
	atl		AATAAT(6, 12); AATAAT(22, 28); AATAAT(29, 35)	TGAG(11, 15)		AAA(5, 8); AAA(21, 24)
	ebpS	CGG(2, 5)	TAAAAT(31, 37)			AAA(12, 15); AAA(32, 35)
	isdH			TCTG(36, 40)		AAA(17, 20); AAA(31, 34); AAA(42, 45)
	aa_a	GGC(15, 18)				AAA(9, 12); AAA(20, 23); AAA(46, 49)
	blaZ	GGG(7, 10)	TATAAT(14, 20)	TGTC(19, 23)		AAA(29, 32)
IMT38886.fasta 	coa	GGG(30, 33)				AAA(3, 6); AAA(6, 9)
	clfA	GGG(7, 10); GGG(44, 47)	TATAAT(30, 36)		TTGACA(35, 41)	AAA(1, 4); AAA(12, 15); AAA(26, 29); AAA(47, 50)
	cna	GGG(6, 9)		TGAG(17, 21)		AAT(13, 16); ATA(21, 24)
	fib		AATAAT(32, 38)			AAA(31, 34)
	eno		AATAAT(34, 40)			AAA(2, 5); AAA(14, 17); AAA(44, 47)
	isdA		TTTAAT(23, 29)			AAA(5, 8)
	isdB		TATAAT(25, 31)	TGAG(13, 17)		TAA(20, 23); ATA(24, 27); TAA(27, 30); TAA(44, 47)
	isdC		TATATT(2, 8)			AAA(14, 17); AAA(27, 30); AAA(36, 39)
	sasC					AAA(5, 8); AAA(39, 42)
	sasD	GGG(9, 12)	TATAAT(15, 21); TATAAT(37, 43)			AAA(5, 8); AAA(24, 27); AAA(34, 37)
	sasF			TGAG(7, 11); AGTG(16, 20)		AAA(12, 15)
	sasH	GGG(7, 10)	TATAAT(33, 39)	TGTG(25, 29)	TTGACA(16, 22)	TAA(13, 16); ATA(32, 35); TAA(35, 38)
	map_eap		TTTAAT(1, 7)			AAA(14, 17); AAA(17, 20)
	sdrH	GGG(15, 18)	TATATT(24, 30); TATTAT(44, 50)	TGTG(9, 13)		AAA(18, 21)
	atl		AATAAT(6, 12); AATAAT(22, 28); AATAAT(29, 35)	TGAG(11, 15)		AAA(5, 8); AAA(21, 24)
	ebh			AGTG(10, 14)		ATA(4, 7); AAT(17, 20); AAT(28, 31)
	ebpS	CGG(2, 5)	TAAAAT(31, 37)			AAA(12, 15); AAA(32, 35)
	isdH			TCTG(36, 40)		AAA(17, 20); AAA(31, 34); AAA(42, 45)
	aa_a	GGC(15, 18)				AAA(9, 12); AAA(20, 23); AAA(46, 49)
	blaZ	GGG(7, 10)	TATAAT(14, 20)	TGTC(19, 23)		AAA(29, 32)
IMT38887.fasta 	mecA		TATAAT(35, 41)	TCTG(19, 23)		AAA(27, 30)
	coa	GGG(30, 33)				AAA(3, 6); AAA(6, 9)
	cna	GGG(6, 9)	TATTAT(44, 50)	TGAG(17, 21); TGTC(33, 37)		AAT(13, 16); ATA(21, 24); ATA(28, 31)
	fib		AATAAT(32, 38)			AAA(31, 34)
	eno		AATAAT(34, 40)			AAA(2, 5); AAA(14, 17); AAA(44, 47)
	isdA		TTTAAT(23, 29)			AAA(5, 8)
	isdB		TATAAT(25, 31)	TGAG(13, 17)		TAA(20, 23); ATA(24, 27); TAA(27, 30); TAA(44, 47)
	isdC		TATATT(2, 8)			AAA(14, 17); AAA(27, 30); AAA(36, 39)
	sasA		TATTAT(39, 45)	TGAG(7, 11)		AAA(22, 25)
	sasC					AAA(5, 8); AAA(39, 42)
	sasD	GGG(9, 12)	TATAAT(15, 21); TATAAT(37, 43)			AAA(5, 8); AAA(24, 27); AAA(34, 37)
	sasF			TGAG(7, 11); AGTG(16, 20)		AAA(12, 15)
	sasH	GGG(7, 10)	TATAAT(33, 39)	TGTG(25, 29)	TTGACA(16, 22)	TAA(13, 16); ATA(32, 35); TAA(35, 38)
	map_eap		TTTAAT(1, 7)			AAA(14, 17); AAA(17, 20)
	sdrD		TATTAT(31, 37)	TGAG(7, 11)		AAA(24, 27); AAA(43, 46)
	sdrH	GGG(15, 18)	TATATT(24, 30); TATTAT(44, 50)	TGTG(9, 13)		AAA(18, 21)
	atl		AATAAT(6, 12); AATAAT(22, 28); AATAAT(29, 35)	TGAG(11, 15)		AAA(5, 8); AAA(21, 24)
	ebpS	CGG(2, 5)	TAAAAT(31, 37)			AAA(12, 15); AAA(32, 35)
	isdH			TCTG(36, 40)		AAA(17, 20); AAA(31, 34); AAA(42, 45)
	aa_a	GGC(15, 18)				AAA(9, 12); AAA(20, 23); AAA(46, 49)
	ccrC	GGC(7, 10)	AATAAT(16, 22)	TGTC(32, 36)		AAA(14, 17)
	blaZ	GGG(7, 10)	TATAAT(14, 20)	TGTC(19, 23)		AAA(29, 32)
IMT38951.fasta 	mecA		TATAAT(35, 41)	TCTG(19, 23)		AAA(27, 30)
	coa	GGG(30, 33)				AAA(3, 6); AAA(6, 9)
	clfA	GGG(7, 10); GGG(44, 47)	TATAAT(30, 36)		TTGACA(35, 41)	AAA(1, 4); AAA(12, 15); AAA(26, 29); AAA(47, 50)
	fib		AATAAT(32, 38)			AAA(31, 34)
	eno		AATAAT(34, 40)			AAA(2, 5); AAA(14, 17); AAA(44, 47)
	isdA		TTTAAT(23, 29)			AAA(5, 8)
	isdB		TATAAT(25, 31)	TGAG(13, 17)		TAA(20, 23); ATA(24, 27); TAA(27, 30); TAA(44, 47)
	isdC		TATATT(2, 8)			AAA(14, 17); AAA(27, 30); AAA(36, 39)
	sasC					AAA(5, 8); AAA(39, 42)
	sasD	GGG(9, 12)	TATAAT(15, 21); TATAAT(37, 43)			AAA(5, 8); AAA(24, 27); AAA(34, 37)
	sasF			TGAG(7, 11); AGTG(16, 20)		AAA(12, 15)
	sasH	GGG(7, 10)	TATAAT(33, 39)	TGTG(25, 29)	TTGACA(16, 22)	TAA(13, 16); ATA(32, 35); TAA(35, 38)
	map_eap		TTTAAT(1, 7)			AAA(14, 17); AAA(17, 20)
	sdrD		TATTAT(31, 37)	TGAG(7, 11)		AAA(24, 27); AAA(43, 46)
	sdrH	GGG(15, 18)	TATATT(24, 30); TATTAT(44, 50)	TGTG(9, 13)		AAA(18, 21)
	atl		AATAAT(6, 12); AATAAT(22, 28); AATAAT(29, 35)	TGAG(11, 15)		AAA(5, 8); AAA(21, 24)
	ebh			AGTG(10, 14)		ATA(4, 7); AAT(17, 20); AAT(28, 31)
	ebpS	CGG(2, 5)	TAAAAT(31, 37)			AAA(12, 15); AAA(32, 35)
	isdH			TCTG(36, 40)		AAA(17, 20); AAA(31, 34); AAA(42, 45)
	aa_a	GGC(15, 18)				AAA(9, 12); AAA(20, 23); AAA(46, 49)
	ccrC	GGC(7, 10)	AATAAT(16, 22)			AAA(14, 17)
	blaZ	GGG(7, 10)	TATAAT(14, 20)			AAA(29, 32)
